Step00DiscountedReturn/Avg,Step00DiscountedReturn/Env21,Step00EpisodeLength/Avg,Step00EpisodeLength/Env21,Step00Option0Usage/Avg,Step00Option0Usage/Env21,Step00Option1Usage/Avg,Step00Option1Usage/Env21,Step00Option2Usage/Avg,Step00Option2Usage/Env21,Step00Option3Usage/Avg,Step00Option3Usage/Env21,Step00Return/Avg,Step00Return/Env21,Step00Terminations/Avg,Step00Terminations/Env21
-1.7609371781349181,-1.7609371781349181,160.3,160.3,0.24172021689456125,0.24172021689456125,0.20395341974632553,0.20395341974632553,0.2677457986062873,0.2677457986062873,0.28658056475282595,0.28658056475282595,-13.930000233650208,-13.930000233650208,0.13247106360054944,0.13247106360054944
0.20656605660915375,0.20656605660915375,12.7,12.7,0.0,0.0,0.0,0.0,0.5618421052631579,0.5618421052631579,0.43815789473684214,0.43815789473684214,0.8299998566508293,0.8299998566508293,0.08552631578947367,0.08552631578947367
0.20656605660915375,0.20656605660915375,12.7,12.7,0.0,0.0,0.03684210526315789,0.03684210526315789,0.5618421052631579,0.5618421052631579,0.40131578947368424,0.40131578947368424,0.8299998566508293,0.8299998566508293,0.08552631578947367,0.08552631578947367
