Step00DiscountedReturn/Avg,Step00DiscountedReturn/Env26,Step00EpisodeLength/Avg,Step00EpisodeLength/Env26,Step00Option0Usage/Avg,Step00Option0Usage/Env26,Step00Option1Usage/Avg,Step00Option1Usage/Env26,Step00Option2Usage/Avg,Step00Option2Usage/Env26,Step00Option3Usage/Avg,Step00Option3Usage/Env26,Step00Return/Avg,Step00Return/Env26,Step00Terminations/Avg,Step00Terminations/Env26
-1.9512760281562804,-1.9512760281562804,117.5,117.5,0.3332417283016992,0.3332417283016992,0.22749165757453169,0.22749165757453169,0.19169454354629972,0.19169454354629972,0.24757207057746938,0.24757207057746938,-9.649999928474426,-9.649999928474426,0.6961116303476385,0.6961116303476385
-1.4647348642349243,-1.4647348642349243,63.1,63.1,0.392824592800083,0.392824592800083,0.22474115572154788,0.22474115572154788,0.24667457723830272,0.24667457723830272,0.13575967424006638,0.13575967424006638,-4.209999966621399,-4.209999966621399,0.5289004305425874,0.5289004305425874
0.012814294174313545,0.012814294174313545,14.4,14.4,0.25875,0.25875,0.2688690476190476,0.2688690476190476,0.14541666666666667,0.14541666666666667,0.3269642857142857,0.3269642857142857,0.6599998116493225,0.6599998116493225,0.5125,0.5125
-0.05284228175878525,-0.05284228175878525,15.2,15.2,0.26222567287784676,0.26222567287784676,0.26864130434782607,0.26864130434782607,0.14077898550724638,0.14077898550724638,0.32835403726708073,0.32835403726708073,0.5799998298287392,0.5799998298287392,0.4959187370600414,0.4959187370600414
